GDP,Metal,Others,Population,Electronic tons,Hazardous tons,Total MSW,GDP Per Capita,Unit Per Capita,Organic,Glass,Paper/Carboard,Plastic,Treatment/Recycling,Info System,Agency,Law,PPP
21.193310958090652,1.7227665977411033,3.0476920124847022,11.544298155102592,6.551080335043404,6.921986861228861,11.386591159072555,9.649012802988059,-9.806719799018095,25.46666666666667,5.8999999999999995,22.0,11.299999999999999,11.0,1,1,1,1
23.787292755439044,1.0612565021243408,2.567765900099313,17.360982352143463,9.903487552536127,12.437677631061975,15.543358042184444,6.426310403295584,-8.243934713254601,49.74666666666667,3.9033333333333338,16.436666666666667,12.276666666666666,25.529999999999998,1,1,1,1
25.358405699432016,1.4816045409242156,2.4423470353692043,17.038225005882925,11.429543856031177,12.437677631061975,15.253838290984282,8.320180693549094,-10.104567408447735,51.8,6.7,11.9,13.5,25.529999999999998,1,1,1,1
23.32381118606833,1.5686159179138452,2.7219531062712017,14.873544919547472,9.903487552536127,8.650818079669907,13.949135446217944,8.450266266520858,-9.374675739850385,51.4,4.5,9.9,9.6,35.199999999999996,0,1,1,0
21.92319458041016,0.9555114450274363,2.451005098112319,11.319716858739207,6.141635891299526,7.488852955733459,10.668955394675699,10.603477721670952,-11.25423918573446,31.2,8.2,35.1,11.3,24.333333333333332,1,1,1,1
26.67448755579904,1.0986122886681098,2.302585092994046,16.042252081218393,11.805595078933049,10.959974914903567,15.504397785064484,10.632235474580648,-11.170089770734558,39.0,4.0,25.0,19.0,20.0,1,1,1,1
26.826982178842353,0.6097655716208943,2.731766727719526,17.57628069751041,12.583481155855813,12.644469501873312,16.70090048266644,9.250701481331943,-10.126081696175913,38.74,3.16,13.96,14.61,6.0,1,1,1,1
23.165786654227915,1.2237754316221157,2.856470206220483,14.88236382568388,9.546812608597396,11.039235047866498,13.107858691201447,8.283422828544037,-10.057927963026469,57.0,3.2,6.7,11.4,35.199999999999996,0,0,1,0
20.09694530665751,2.066862759472976,3.242592351485517,10.92592049446542,6.141635891299526,9.911969974855367,9.85164094720557,9.17102481219209,-10.24530435945194,19.7,3.4,26.4,12.8,30.333333333333332,1,1,1,1
21.01919408944897,1.9459101490553132,2.4849066497880004,11.480164641726745,7.003065458786462,9.915482656102414,10.328264971676665,9.539029447722225,-10.690929117772304,46.0,7.0,15.0,13.0,45.199999999999996,0,1,1,0
27.930610460563198,2.96424160646262,1.2412685890696329,16.984748055073975,13.260384675301703,15.761420707019587,16.406652340820763,10.945862405489223,-11.523958119742439,48.44,3.81,17.3,7.61,42.1,1,1,1,1
26.76361688021399,1.4816045409242156,2.917770732084279,15.97112220307146,12.020790711139306,14.056327412348516,15.39159849071682,10.792494677142532,-11.37201838949717,31.4,7.0,19.7,11.1,25.66,1,1,1,1
24.769741616224856,1.2499017362143359,2.6195832197798796,16.08240018082785,11.05089000537367,12.601418055109942,14.89063208652789,8.687341435397007,-9.879109529696965,45.19,5.28,10.93,7.87,25.36333333333333,1,1,1,1
21.554974845182276,0.7419373447293773,1.1631508098056809,15.723803245114768,8.517193191416238,12.247558483657496,14.442526482991696,5.831171600067506,-7.1124483621905785,81.0,2.9,7.3,3.5,37.696666666666665,1,1,1,1
26.967632020038028,0.6471032420585384,3.692373343368192,16.238027132606476,13.310625586860356,14.896025065260185,15.364773747362305,10.729604887431554,-11.602858272675725,14.18,3.1,18.38,13.94,34.303,1,1,1,1
22.93179048540284,0.47000362924573563,3.535145354171894,15.524207751319018,9.011889433252344,9.915482656102414,13.438539622473801,7.407582734083819,-9.493250862929036,52.1,1.6,3.1,7.3,25.0,1,1,1,1
23.23938998749811,0.0,4.110873864173311,16.7120092853676,9.305650551780507,8.97094039814245,14.76145760577196,6.527380702130511,-8.47793238172615,21.0,1.0,7.0,9.0,12.0,0,0,1,0
25.845867805151343,-0.6931471805599453,2.150598735996164,18.86361537251413,11.863582336583399,11.647089157650932,16.508683799168175,6.982252432637214,-9.337184005983168,80.57999999999998,0.44,3.04,4.67,25.529999999999998,0,1,1,0
24.76266844911041,0.6830968447064438,2.8864752876170416,15.786530096857753,10.892749896866105,16.317452037640408,14.91778280746387,8.97613835225266,-9.84488564164654,24.35,5.83,14.18,12.15,19.03,1,1,1,1
24.181758787950216,0.7419373447293773,2.7212954278522306,14.169802364485465,9.903487552536127,10.341742483467284,13.766260405939148,10.011956423464751,-10.415498382011066,59.1,3.4,12.8,7.4,8.0,0,1,1,0
23.059653513792423,1.9459101490553132,2.4849066497880004,12.86576127972137,8.496990484098719,9.915482656102414,12.483704382128453,10.193892234071054,-10.57594913166397,46.0,7.0,15.0,13.0,20.666666666666668,0,1,0,0
23.66399788656921,2.0312137193665802,4.529368472571809,15.078495673267081,7.25063551189868,9.036938912556787,14.037627982990934,8.585502213302128,-9.626369903578277,26.39,6.140000000000001,4.9,11.42,0.00097,0,0,0,0
24.80396809256753,0.6931471805599453,3.5553480614894135,16.06570870612149,11.184421397998193,14.105883506758767,15.26946356755798,8.738259386446037,-9.53450452500955,30.0,8.0,5.0,12.0,16.0,1,1,1,1
21.194937792115027,1.6094379124341003,1.6094379124341003,12.791879574269453,7.7406644019172415,9.915482656102414,11.526619574181126,8.403058217845572,-9.668318217933901,47.0,8.0,16.0,19.0,20.666666666666668,1,1,1,1
21.630309147927484,1.791759469228055,3.258096538021482,11.079030017666526,6.54774143377789,6.263398262591624,11.314474526246391,10.551279130260957,-10.315834621681093,17.0,9.0,29.0,13.0,2.0,1,1,1,1
24.010112092314674,0.9170626346527369,3.122483979193135,16.188060516572556,10.474241084882006,13.20887679710047,14.61259063561943,7.822051575742118,-9.397521456695246,55.19691119691119,2.9034749034749034,6.501930501930501,10.193050193050194,12.11,1,1,1,1
28.44501641940293,1.0647107369924282,2.8154087194227095,19.143202768086923,14.160446872997616,12.261854185988934,18.19614885434239,9.301813651316003,-10.24886756506054,51.4,2.4,13.1,13.5,1.4,1,1,1,1
22.25751798110267,1.589235205116581,1.7404661748405046,12.544689010436022,8.242756345714477,9.149564044903087,12.071486093245838,9.712828970666646,-10.18603188785683,18.3,3.7,19.7,17.1,9.0,0,1,0,0
23.31113946578334,1.3862943611198906,2.70805020110221,12.955590707685717,8.948975607841776,9.915482656102414,12.284205018907285,10.355548758097623,-11.026934446876055,36.0,3.0,18.0,16.0,20.666666666666668,1,1,1,1
21.527399382197355,0.0,1.9459101490553132,13.440028433964464,7.284477918224647,9.915482656102414,11.620110764696438,8.087370948232891,-9.907288617500916,58.0,4.0,17.0,13.0,0.86,0,1,1,0
23.54721848653302,-2.3025850929940455,4.520701029361642,14.51606324991092,9.680344001221918,9.915482656102414,12.258923328997392,9.031155236622098,-11.288295157535625,8.1,4.5,19.066666666666666,7.966666666666666,1.0,1,1,1,1
21.126436375864575,1.890598767895616,2.861819855967724,15.323002562769863,7.90100705199242,9.915482656102414,13.916245090241043,5.80343381309471,-7.210191285623531,36.39,4.14,26.650000000000002,7.753333333333333,44.010067437379575,1,1,1,1
28.234244831864434,2.5649493574615367,2.0794415416798357,17.38629779112898,13.492546671367853,12.437677631061975,17.038499273291063,10.847947040735454,-11.195745558573371,24.0,6.0,47.0,3.0,20.590000000000003,1,1,1,1
27.187993856181333,1.0986122886681098,3.367295829986474,15.940415068165136,12.122691036591123,13.997832114758229,15.616560074099421,11.247578788016197,-11.57143378208191,29.0,4.0,20.0,15.0,32.0,1,1,1,1
22.05322134208696,1.8458266904983307,2.8073926444344734,12.010915058253985,7.549609165154532,8.348169781024666,12.094766713078558,10.042306283832975,-9.958454629008404,40.1,4.866666666666666,19.833333333333332,9.133333333333333,28.43020231213873,1,1,1,1
26.313895179125034,0.8329091229351039,2.772588722239781,16.638640410537132,12.078239274020289,12.428235716330422,15.689924705314517,9.675254768587902,-10.623970473810516,53.3,6.6,12.4,9.4,0.37,1,0,1,1
29.88285560205933,0.09531017980432493,2.5726122302071057,21.038966691465713,15.791118195898896,17.360877545270807,19.162618088681743,8.843888910593618,-10.720237513377587,61.2,2.1,9.6,9.8,25.529999999999998,1,1,1,1
24.328667720637462,1.0612565021243408,2.567765900099313,16.831110701784116,9.998797732340453,12.437677631061975,15.306348311737901,7.497557018853346,-9.022319408899559,49.74666666666667,3.9033333333333338,16.436666666666667,12.276666666666666,3.0,1,1,1,1
24.280097928187168,-0.35667494393873245,2.341805806147327,16.890779949864594,9.852194258148577,9.072984532612155,15.000489084731331,7.389317978322574,-9.279608843455836,83.4,0.1,2.1,3.3,0.4,1,1,1,1
24.19181025969403,1.0612565021243408,2.567765900099313,18.18161298528861,11.318648728957001,12.437677631061975,16.481712267044557,6.010197274405419,-7.7100979926494695,49.74666666666667,3.9033333333333338,16.436666666666667,12.276666666666666,4.9,1,1,1,1
23.37690819377322,1.622683139184121,3.0970847678142785,14.7895066429687,7.417179921832499,6.522617170466887,13.019665979165985,8.587401550804522,-10.357242214607236,24.96666666666667,5.166666666666667,25.366666666666664,8.666666666666666,26.2,0,0,1,0
26.627146218376986,0.09531017980432493,2.756205242989257,17.652953239698274,12.437977702512956,12.506718943083657,16.31284960424527,8.974192978678714,-10.314296614131718,59.58,2.35,8.4,12.83,17.2,1,1,0,1
20.23121421556526,1.3862943611198906,3.091042453358316,13.56374116906162,6.396929655216146,9.915482656102414,11.418757632438734,6.6674730465036385,-8.812456583126524,50.0,2.0,7.0,5.0,35.199999999999996,1,1,1,1
21.343931307262775,2.1400661634962708,2.760009940032921,13.149937687571544,7.783224016336037,8.174398610831428,11.794752932620215,8.193993619691232,-9.54917837464256,42.73333333333333,4.5,19.066666666666666,7.966666666666666,44.010067437379575,1,1,1,1
24.563823738522117,0.6931471805599453,1.9459101490553132,15.375248642610421,10.485703172388792,9.915482656102414,14.19394699368452,9.188575095911695,-10.369876744837597,58.0,1.0,21.0,11.0,1.26,1,1,1,1
24.047726362148087,0.47000362924573563,1.0986122886681098,16.240639513649626,10.687328211710495,13.24496323795517,14.80605198723499,7.80708684849846,-9.241674374913096,68.9,4.6,12.3,9.6,9.49,0,0,0,0
19.796699941485354,2.0193376176101308,2.570064458128307,11.943551368736893,5.585999438999818,7.447557010984645,10.114712891267416,7.853148572748462,-9.681987050217938,45.26666666666667,4.433333333333334,13.4,12.633333333333333,2.0,1,1,1,1
21.17937421517976,1.824549292051046,2.4336133554004498,10.988203736012126,6.54774143377789,6.258350624036698,11.002099841204238,10.191170479167631,-10.177274373975521,10.9,3.5,31.1,11.0,21.0,1,1,1,1
23.91422005477343,1.1786549963416462,2.309560706730471,13.964779340699925,9.805709329617423,12.063223693239134,13.201174557828619,9.949440714073505,-10.713045496944812,41.47,2.66,25.7,14.77,13.31,1,1,1,1
26.16715632876307,2.128231705849268,2.7013612129514133,16.171262793595115,11.284530649873318,13.965947493228011,15.02058275773351,9.995893535167955,-11.146573571029561,62.3,2.4,9.1,2.2,25.5,1,1,1,1
28.961194376439888,0.3364722366212129,2.8735646395797834,18.21840066635147,14.717736847623032,16.89800109314357,17.74823774495071,10.742793710088417,-11.212956631489176,30.0,10.0,24.0,13.0,47.83,1,1,1,1
21.37766448869953,1.1205911953868848,2.617395832834079,13.522777081962317,6.802394763324311,7.902229760969168,11.652663485354772,7.854887406737213,-9.725001003344758,52.699999999999996,3.5666666666666664,11.566666666666668,10.733333333333334,2.283333333333333,1,1,1,1
20.04209043357002,1.6094379124341003,2.6390573296152584,11.189961578373808,6.141635891299526,6.440946540632921,9.486152271857476,8.852128855196211,-10.555938161712543,45.0,8.0,12.0,16.0,30.333333333333332,1,1,1,1
26.574087264271082,1.8389610707123492,3.17220341666977,15.553074806989798,12.035367357875959,14.356900691670475,15.316249053475033,11.021012457281284,-11.257838210796049,12.78,5.78,11.57,1.61,27.27,1,1,1,1
25.022781804830313,1.0986122886681098,2.302585092994046,16.16958635585913,10.950806546816688,12.261854185988934,15.217656122325945,8.853195448971181,-9.805125682504368,51.0,6.0,16.0,10.0,8.2,0,1,0,0
26.001558143628802,1.0296194171811581,-0.2231435513142097,17.51942767750243,12.437184366493561,12.706847933442663,16.331491042981312,8.482130466126373,-9.670067100647488,54.4,1.2,9.8,16.9,8.0,1,1,1,1
25.166581805329308,0.4252677354043441,2.6232182655855123,16.59708181616211,11.198214720130528,12.174643896026513,15.482691040508898,8.569499989167197,-9.68389076482041,58.67,3.01,10.25,11.44,12.9,1,1,0,1
26.287082225340523,0.6931471805599453,2.70805020110221,18.290723038095752,13.116345305078767,12.84792653170257,16.860032995687696,7.996359187244773,-9.427049229652827,56.0,4.0,10.0,13.0,12.5,1,1,0,1
23.771552842640137,1.2809338454620642,2.2582848340974655,15.313947633548539,8.242756345714477,11.076727916176276,13.496623116557029,8.457605209091598,-10.27492972608311,47.800000000000004,3.266666666666667,27.099999999999998,8.666666666666666,6.026666666666667,1,1,1,1
28.012541033248468,1.0986122886681098,2.6390573296152584,17.653837441801226,13.99999394298945,14.908948817733652,16.81876447291711,10.35870359144724,-11.193776560331356,49.0,8.0,15.0,9.0,16.84,0,1,1,0
23.893315931991385,0.9555114450274363,2.766319109226186,14.089656681410414,10.443250426196716,16.15830827585061,13.06685066747407,9.803659250580969,-10.826465264517314,36.7,8.3,17.5,18.6,24.74,1,1,1,1
24.681164787763365,0.1823215567939546,1.4816045409242156,18.419410267238497,10.799575577092764,12.261854185988934,15.692344204994884,6.261754520524867,-8.988820582768481,87.6,0.8,3.8,2.3,25.529999999999998,1,1,1,1
26.25543814137137,0.5306282510621704,2.574899688314705,15.516530071320078,12.268831458927002,14.508004024900021,14.822738284830532,10.738908070051295,-11.432699856540841,35.88,9.24,37.83,1.45,28.12,1,1,1,1
22.050650680579274,0.6418538861723947,1.252762968495368,13.672893443461641,8.433811582477187,9.915482656102414,12.151561516302893,8.377757237117633,-9.89908916427638,33.2,4.1,12.5,7.5,5.45,1,1,1,1
28.662794059475583,1.0986122886681098,3.258096538021482,18.014576451609475,14.612423883848884,16.193518936279723,17.324036517378953,10.648217607866107,-11.338757542096628,32.0,10.0,20.0,9.0,22.26,1,1,1,1
21.17937421517976,1.2431935174792172,2.940924037058996,10.79634587742716,6.54774143377789,6.258350624036698,11.018629143155449,10.383028337752597,-10.16074507202431,33.23333333333333,4.533333333333333,14.9,4.8,67.0,1,1,1,1
19.506824434962894,2.8172035149987327,2.2321626286975,11.561115449067628,5.298317366548036,9.915482656102414,10.167372583129328,7.945708985895265,-9.339451851833564,23.83,7.07,13.3,26.17,45.199999999999996,1,1,1,1
23.663087176522758,2.1400661634962708,2.760009940032921,13.89813792253254,9.546812608597396,9.915482656102414,12.380455734233855,9.76494925399022,-11.282631442288903,42.73333333333333,4.5,19.066666666666666,7.966666666666666,44.010067437379575,1,1,1,1
28.64538919882696,1.252762968495368,3.339321977944068,17.991878342268944,15.092025208708991,15.565624429715362,17.267622829094535,10.653510856558016,-11.377766369732425,16.7,2.2,18.9,20.2,27.25,1,1,1,1
23.44387776486587,1.6094379124341003,2.772588722239781,15.128454352334233,9.95227771670556,9.915482656102414,13.592367006650065,8.315423412531638,-9.851510758215806,39.0,3.0,34.0,3.0,35.199999999999996,0,0,1,0
24.59860598545834,0.0,3.2188758248682006,16.88551549368127,10.571316925111784,12.437677631061975,15.079149872063855,7.713090491777072,-9.519456113394488,67.0,0.0,3.0,4.0,25.529999999999998,1,1,1,1
20.390447981075333,1.4747630091074988,2.6658383522929006,10.422965635581258,5.305491570296037,10.98520865155735,9.73825907316835,9.967482345494073,-10.65218890790698,24.57,4.42,33.65,15.86,30.28333333333333,1,1,1,1
22.992058175106475,0.0,3.295836866004329,15.911385331406958,8.987196820661973,12.149405287573135,13.299523302534434,7.080672843699517,-9.692534872572041,58.0,1.0,9.0,4.0,5.0,1,1,1,1
20.804217276955104,0.7419373447293773,3.9396381724611196,14.08656693631927,7.696212639346407,9.915482656102414,12.172725457408,6.717650340635831,-8.631491819547104,35.0,1.9,9.7,7.966666666666666,35.199999999999996,1,1,1,1
20.78388003478353,2.19239813395929,2.391206284647574,14.38678723554347,6.907755278982137,9.915482656102414,12.575958934065985,6.39709279924006,-8.207921100717542,35.25666666666667,4.973333333333334,24.950000000000003,12.586666666666666,44.010067437379575,1,1,1,1
23.434375669277276,1.8971199848858813,2.819392788437584,14.01558198299067,6.141635891299526,6.522617170466887,12.198257486574263,9.418793686286607,-11.236118182703013,45.53333333333333,5.166666666666667,13.966666666666667,10.5,23.143400770712912,1,1,1,1
26.222403118987238,1.0986122886681098,2.1972245773362196,16.203577049794717,12.146641061760747,12.306103483655107,15.516145475412552,10.01882606919252,-10.706257643574686,40.0,3.0,29.0,14.0,19.0,0,1,1,0
20.651897317398817,0.8754687373538999,3.597312260588446,11.566286120892515,6.684611727667927,9.915482656102414,10.293368994856344,9.085611196506303,-10.358528322542474,27.1,3.1,13.6,16.4,45.199999999999996,1,1,1,1
21.761290546075923,0.6931471805599453,3.5085558999826545,10.94913848971599,6.141635891299526,6.593044534142437,10.819778284410283,10.812152056359935,-10.941512261665642,42.8,7.1,11.4,2.4,30.333333333333332,1,1,1,1
24.663330507701065,1.0612565021243408,2.8913975450060856,16.603752932492537,10.915088464214607,9.21542741102474,14.829559732509004,8.059577575208529,-9.83377077519206,37.7144911834619,4.391835579814286,16.046702153078943,17.290808751009344,25.529999999999998,1,1,0,1
22.374788621611255,2.1972245773362196,2.163323025660538,11.982760329976081,6.141635891299526,6.522617170466887,11.86005499606543,10.392028291635174,-10.514733625545826,27.3,4.6,28.5,12.4,17.85,1,1,1,1
21.796842467860102,1.4350845252893227,2.4932054526026954,13.523225909892576,8.517193191416238,6.60905270324689,12.09654512662769,8.273616557967525,-9.70029734123241,50.1,4.7,10.7,14.2,0.54,0,1,0,0
26.322077960817325,0.6931471805599453,2.6390573296152584,15.804165423353586,11.156250521031495,10.911664427066091,15.552429477675274,10.517912537463738,-10.76964848314205,35.0,3.0,22.0,21.0,34.0,1,1,1,1
23.696031857251736,0.7466879474879751,1.890095369948917,16.025197928836484,7.438383530044307,5.533942695364302,14.586557087344383,7.670833928415252,-9.109474769907353,57.9,1.27,17.36,14.41,25.36333333333333,0,1,1,0
24.835700303778726,0.7419373447293773,2.4423470353692043,15.251452810538451,10.969542213644063,11.77779428273175,14.318707154565773,9.584247493240277,-10.516993149212952,30.9,3.7,23.2,22.9,16.32,1,1,1,1
22.79159795843739,0.9162907318741551,2.8213788864092137,16.199429893472328,8.699514748210191,12.261854185988934,14.652694208098742,6.592168064965061,-8.138903750338645,61.3,1.6,4.1,12.7,25.529999999999998,0,0,0,0
25.71494166989296,0.5877866649021191,3.8264651170664994,16.102273945268482,10.821097413976181,13.298925044503157,15.127081372888227,9.612667724624476,-10.587860297004731,22.5,3.5,13.4,13.0,25.94,1,1,1,1
27.66818574725645,0.5877866649021191,2.5572273113676265,19.380473227627817,14.057672115114245,16.951004773893423,17.99297002689688,8.287712519628636,-9.675215720359573,53.8,2.5,14.9,14.0,7.0,1,1,1,1
21.63030914792748,1.4966424182887559,2.789118024190992,11.299224689982603,6.8738537273064555,6.921986861228861,10.830738006646618,10.331084457944879,-10.799571141280865,30.200000000000003,5.633333333333333,24.03333333333333,10.733333333333334,50.0,1,1,1,1
28.533690311796214,1.7972996496036704,2.4306850956213615,20.792304705375486,14.346138809026444,15.82600387001784,18.941871899195498,7.741385606420728,-9.591818412600718,54.5,4.2,16.53333333333333,7.333333333333333,5.0,0,1,1,0
26.529488692296272,1.308332819650179,3.250374491927572,15.338714318563735,12.268455720361471,13.087579367511385,14.805994429793842,11.19077437373254,-11.723494262502431,16.6,8.5,25.0,12.4,33.0,1,1,1,1
27.015910649381986,0.8329091229351039,1.6094379124341003,18.200999043511725,13.353475098367715,15.89495209964411,16.699472930675256,8.814911605870261,-10.31643771870673,72.9,1.9,7.3,8.5,5.0,0,1,1,0
26.088949908360235,-0.020202707317519466,1.791759469228055,17.40223681967804,12.30591798049989,9.93411374607789,16.391171571020738,8.686713088682193,-9.697778337339495,68.7,2.3,9.6,5.29,25.529999999999998,0,0,0,0
23.522672371883942,1.7692866133759966,2.6718471524382497,12.709314585722742,8.935903526274423,8.85366542803745,13.17115354157376,10.8133577861612,-10.351518830310182,10.0,10.166666666666666,38.0,9.0,55.81,1,1,1,1
26.38555800278011,1.0986122886681098,2.772588722239781,15.94137040556129,11.695247021764184,12.679196402112153,15.501909511534503,10.444187597218823,-10.88364849124561,34.0,3.0,24.0,18.0,25.0,1,1,1,1
28.363698864131415,1.4586150226995167,2.7343675094195836,17.921957951229782,14.845139260816605,16.004204183319043,17.20071404987208,10.441740912901633,-11.162984814259334,34.4,7.6,22.8,11.6,25.9,1,1,1,1
23.34806508215271,0.8671004876833833,1.6351056591826783,14.873771227579352,9.740968623038354,9.210340371976184,13.865913302179706,8.47429385457336,-9.482151779973005,62.22,2.81,14.73,12.2,35.199999999999996,1,1,1,1
24.151159250561882,0.4054651081081644,2.740840023925201,15.945343837751901,10.668955394675699,14.022883199675084,14.74372867493225,8.20581541280998,-9.407430575629633,50.0,2.0,15.0,16.0,7.0,1,0,1,1
29.431520911198653,1.3862943611198906,1.791759469228055,18.660807264786893,13.15961677203956,15.096444403426338,17.5992682804404,10.77071364641176,-11.832252630758257,36.0,5.0,33.0,11.0,4.9,1,0,1,1
25.961350924430434,1.0986122886681098,1.9459101490553132,16.63637889739989,11.898187865760873,12.261854185988934,15.35447021055387,9.324972027030542,-10.606880713876564,30.0,5.0,25.0,25.0,2.92,0,1,1,0
24.73801203562622,0.0,2.1972245773362196,17.53758665536434,9.761347785375005,12.437677631061975,15.537401593941592,7.20042538026188,-9.200610441684628,57.0,3.0,11.3,18.7,8.0,1,1,1,1
22.57120095382128,1.8175355055430389,2.1777774424006977,15.600060769496613,8.881836305004146,15.378139003352654,13.9228391357168,6.971140184324667,-8.648361818104481,43.69,4.673333333333333,25.416666666666668,10.286666666666667,37.696666666666665,0,1,1,0
23.557031199305406,0.6931471805599453,2.341805806147327,16.54145241128553,9.546812608597396,12.261854185988934,13.900770401915098,7.015578788019878,-9.65626079739031,66.6,2.6,4.0,8.6,25.529999999999998,0,1,1,0
19.07752244090943,2.302585092994046,2.2300144001592104,11.64741265067898,4.605170185988092,9.915482656102414,10.483573182105522,7.430109790230449,-8.593949258803908,43.6,5.5,10.9,16.5,29.2,1,1,1,1
20.57051630174651,2.174751721484161,2.501435951739211,10.90205848702401,6.551080335043404,9.911969974855367,10.400989002435857,9.668457814722498,-10.169527299310653,27.2,8.1,20.5,23.2,30.333333333333332,1,1,1,1
27.89794996491144,0.9555114450274363,2.567765900099313,17.7423563412068,13.254505054821847,12.437677631061975,16.71797419135302,10.155593623704641,-11.179975773558423,30.0,2.5,41.0,24.3,58.0,1,1,1,1
25.685112013627748,0.6931471805599453,2.0794415416798357,14.91348364238487,11.112447898373103,12.220961258023925,14.375126345899696,10.771628371242878,-11.30998566772805,45.0,4.0,20.0,20.0,35.199999999999996,0,1,1,0
23.130404608915217,1.308332819650179,3.0106208860477417,15.712225510835763,8.922658299524402,8.556413904569519,12.771102323309677,7.418179098079453,-10.359302285605539,16.9,9.3,2.8,6.1,10.0,1,1,1,1
24.482403140264935,1.7047480922384253,2.3978952727983707,15.538862520060515,10.839580911706463,10.736396675471232,14.528460365820399,8.94354062020442,-9.953942774444537,52.5,3.5,16.0,11.5,8.0,0,1,0,0
21.210032298829315,1.8971199848858813,2.819392788437584,15.071961574385416,7.417179921832499,6.522617170466887,13.243636670574995,6.1380707244439,-7.966395628254319,45.53333333333333,5.166666666666667,13.966666666666667,10.5,23.143400770712912,1,1,1,1
24.329003941054577,1.4586150226995167,1.33500106673234,15.639011074435974,11.156250521031495,12.247558483657496,14.579859854648777,8.689992866618603,-9.7491440864058,70.1,3.1,5.5,7.5,37.696666666666665,0,1,0,0
21.121944436298644,1.6094379124341003,2.3978952727983707,12.085068176625025,7.3777589082278725,7.912789220690681,11.259531808019336,9.036876259673619,-9.86241262827931,45.0,7.0,10.0,22.0,14.333333333333334,1,1,1,1
20.921155163040876,2.5257286443082556,2.2082744135228043,10.506299656914493,5.680172609017068,7.093404625868766,10.385357991846698,10.414855506126383,-10.535797171194178,37.6,5.0,30.3,5.4,64.6,1,1,1,1
25.104129824698735,1.0986122886681098,2.5649493574615367,16.86965323906469,4.283586561860629,12.437677631061975,14.783121583861487,8.234476585634049,-10.32100824083725,62.0,2.0,7.0,7.0,12.79,1,1,1,1
21.81539601987997,2.19239813395929,2.391206284647574,14.491339642223194,7.495541943884256,9.915482656102414,11.20445547998815,7.324056377656777,-10.610940539891821,35.25666666666667,4.973333333333334,24.950000000000003,12.586666666666666,44.010067437379575,1,1,1,1
24.546139430927262,1.0116009116784799,3.7853253523821886,14.8819129667211,11.322866048003833,12.016587491331972,14.077874822431765,9.664226464206163,-10.468264608495497,40.4,8.65,10.05,10.15,22.92,0,1,1,0
24.86968507632734,0.6931471805599453,3.295836866004329,13.252696661527155,8.908964972392399,12.376574625518787,12.782686009834167,11.616988414800185,-12.086999066493172,30.0,4.0,19.0,18.0,28.37,1,1,1,1
24.086120908738422,0.9555114450274363,2.272125885509337,14.49735763213377,10.129467078669546,11.553510631448937,13.661193197579918,9.588763276604652,-10.424927711158505,46.7,21.4,6.1,7.7,21.23,1,1,1,1
24.186525355151204,0.5306282510621704,1.1314021114911006,13.324760400087623,9.305650551780507,8.044947049617722,12.842496023675295,10.861764955063581,-11.344029331475909,3.1,3.3,58.7,7.9,20.0,1,1,1,1
20.365442976509794,1.4562867329399256,3.312244727673649,10.340419027440413,5.444493476705638,9.911969974855367,9.647271846880468,10.025023949069379,-10.718171129629324,17.24,10.176666666666668,26.12,12.586666666666668,46.81666666666666,1,1,1,1
25.46631760168726,0.9162907318741551,1.791759469228055,17.351182945241483,10.31890299149746,12.57551326046097,15.740051138426148,8.115134656445775,-9.726266463261108,60.0,2.0,9.0,8.0,8.0,0,0,1,0
21.17937421517976,0.7884573603642703,2.0583881324820035,10.539614544996624,5.985614133429807,5.74322752161913,10.736396675471232,10.639759670183134,-10.442977539708526,35.13333333333333,3.0,2.2,1.0,5.4,1,1,1,1
22.71861873193924,1.0986122886681098,3.1354942159291497,15.083614675529898,8.748304912379623,6.035481432524756,15.197093839354045,7.6350040564093415,-7.5215248925851945,55.0,4.0,5.0,10.0,15.32,0,1,1,0
23.060851294252156,1.0612565021243408,2.567765900099313,17.030159502145622,9.546812608597396,10.735461455680806,15.142256369968775,6.030691792106534,-7.918594924283383,49.74666666666667,3.9033333333333338,16.436666666666667,12.276666666666666,25.529999999999998,1,1,1,1
22.004310403376873,0.0,0.0,12.921868888639088,8.00768336827147,9.622815849919851,12.262007605700251,9.082441514737786,-9.742302797676624,24.0,5.166666666666667,6.0,3.0,35.199999999999996,0,1,1,0
27.86136824416589,1.2237754316221157,2.4932054526026954,18.65092660604114,13.772498667370984,9.80766419107662,17.787687486212167,9.21044163812475,-10.073680757953724,52.4,5.9,13.8,10.9,5.0,1,1,1,1
19.003129822055563,1.791759469228055,3.4339872044851463,10.874133885147835,6.141635891299526,9.911969974855367,9.061144065614055,8.12899593690773,-9.94198575644151,8.0,2.0,11.0,13.0,30.8,1,1,1,1
23.114293593331364,0.9162907318741551,2.9856819377004897,14.548458091346273,7.106606137727303,10.616363828277068,13.588089119524776,8.565835501985093,-9.526204473806589,29.3,4.1,12.8,13.900000000000002,0.18,1,1,1,1
23.320147735032894,1.252762968495368,4.283586561860629,16.588516068335814,9.392661928770137,12.261854185988934,14.476833909645473,6.731631666697081,-8.84331382538742,17.5,1.0,3.5,2.0,25.529999999999998,1,1,1,1
23.19715171561477,1.3862943611198906,2.2512917986064953,12.975889158016585,8.941545475242885,10.505697478103938,12.502466658583977,10.221262557598182,-10.694685057030792,52.0,6.0,18.0,12.0,6.69,1,1,1,1
25.033659951741065,1.0612565021243408,2.567765900099313,17.646225064943646,10.915088464214607,12.437677631061975,15.358232974252502,7.387434886797416,-9.675426977488561,49.74666666666667,3.9033333333333338,16.436666666666667,12.276666666666666,25.529999999999998,1,1,1,1
22.26288869198359,1.0647107369924282,2.968361076757859,13.340950966063946,8.732304571033183,8.247798873930531,12.712890247898626,8.921937725919646,-9.549998444084965,33.82,8.97,13.72,18.42,5.42,1,1,1,1
23.19351283948835,2.2009214392175456,3.914021008090819,14.923214062677497,9.546812608597396,9.915482656102414,14.880221294956703,8.270298776810852,-8.313291544531648,22.7,10.833333333333334,12.7,14.5,35.199999999999996,1,1,1,1
20.773754899837904,2.302585092994046,2.2300144001592104,10.897405770089572,6.141635891299526,9.911969974855367,10.397006714690555,9.876349129748332,-10.376748185147349,43.6,5.5,10.9,16.5,36.0,1,1,1,1
23.42100111062683,1.0612565021243408,2.70805020110221,17.119182648273004,9.740968623038354,12.437677631061975,14.73180128983843,6.3018184623538245,-8.6891998207884,60.0,3.9033333333333338,25.0,12.276666666666666,1.0,1,1,1,1
22.44140588382148,1.4350845252893227,4.089332020398556,15.070068485984077,8.536995818712418,9.915482656102414,13.025852477023484,7.371337397837407,-9.415553406797999,4.8,4.0,7.3,20.0,8.0,1,1,1,1
23.241755711111697,2.1400661634962708,2.0794415416798357,14.049374836369557,9.305650551780507,9.740968623038354,12.989974189358584,9.192380874742142,-10.251781521753115,64.0,2.8,13.0,12.4,35.199999999999996,1,1,1,1
22.887763324585425,1.0612565021243408,2.567765900099313,16.623535618075955,9.159047077588632,12.437677631061975,14.076215353967616,6.264227706509469,-8.81154797061781,49.74666666666667,3.9033333333333338,16.436666666666667,12.276666666666666,25.529999999999998,1,1,1,1
26.564059640790045,1.0986122886681098,2.1972245773362196,17.224279767515075,12.542544882151386,14.886572805478675,16.37912710455094,9.339779873274974,-10.184932536239108,46.0,3.0,14.0,15.0,17.5,0,1,1,0
23.42798916057724,1.9694406464655074,3.0618320752585144,14.260185481730446,9.546812608597396,6.522617170466887,12.455776332819593,9.167803678846797,-10.97221282775765,33.86666666666667,5.666666666666667,25.099999999999998,6.8,4.5,1,1,1,1
21.57307192794186,2.302585092994046,2.2300144001592104,12.535376392672774,7.665440980679653,9.114118049629639,11.591342704593764,9.037695535269087,-9.981729223348099,43.6,5.5,10.9,16.5,28.333333333333332,1,1,1,1
22.81598013773281,0.0,4.04305126783455,15.995070587349469,8.974618038455112,13.224919965729422,14.439117754898712,6.820909550383342,-8.376862382834098,38.0,6.2,2.0,2.0,4.0,1,1,1,1
26.847457659818843,1.8753854927398752,2.424802725718295,18.85507132110285,12.531772785169476,10.662727046473028,17.13386350782574,7.992386338715992,-9.713594151993101,39.31333333333333,3.1,8.0,4.8,25.529999999999998,1,1,1,1
23.204454420901342,1.8175355055430389,2.1777774424006977,15.562572999698029,9.287301413112312,7.950502434808851,14.240004329458682,7.641881421203315,-8.96445009144266,43.69,4.673333333333333,25.416666666666668,10.286666666666667,25.36333333333333,1,1,1,1
27.51463996652247,1.4586150226995167,3.0076608444192647,16.645183701723305,13.188918613604345,15.39045950484963,15.99649282919907,10.869456264799163,-11.5181471373234,35.0,5.4,21.0,14.0,24.61,1,1,1,1
26.881866193325067,1.8115620965242347,2.5764217586237734,15.461975818345426,11.918390573078392,14.20890308483817,14.598041299658904,11.419890374979643,-12.283824893666164,15.49,4.6,26.57,2.25,26.16,1,1,1,1
23.711803997439915,0.6418538861723947,1.9629077254238845,17.182212107953088,10.043249494911286,8.527341522468053,14.38591224835774,6.529591889486826,-9.325891749082174,52.39,4.36,18.21,15.14,25.529999999999998,1,1,1,1
18.65123888109117,2.302585092994046,2.2300144001592104,9.476466781462246,6.141635891299526,9.911969974855367,8.730973120530093,9.174772099628925,-9.92026576056108,43.6,5.5,10.9,16.5,30.333333333333332,1,1,1,1
25.894480023605865,1.5040773967762742,3.6109179126442243,15.361518667738592,11.461632170582678,9.915482656102414,15.04075549756575,10.532961355867272,-10.853724526040114,28.0,4.0,7.0,8.0,35.199999999999996,1,1,1,1
25.041478438736277,1.890598767895616,3.1780538303479458,15.19198814181232,10.985292722887856,14.200660707557029,14.366451773206629,9.849490296923959,-10.675026665529648,27.0,6.0,15.0,21.0,35.199999999999996,0,1,1,0
26.152027465431974,1.3862943611198906,2.995732273553991,19.07925447129927,12.614865543731012,14.245993429047726,17.241725702601716,7.072772994132706,-8.910301762830258,30.0,6.0,13.0,9.0,8.0,0,1,0,0
24.52522921434186,1.33500106673234,1.7404661748405046,15.194087466002962,8.070906088787819,9.915482656102414,14.20231069769887,9.331141748338897,-10.32291851664299,46.4,5.8,26.3,12.0,35.199999999999996,1,1,1,1
25.989334932061617,0.9707789171582248,3.077312260546414,17.248637844438786,12.111761966058932,13.400268075639131,15.938575502154245,8.74069708762283,-10.050759429907371,50.43,3.05,7.44,10.52,4.0,1,1,1,1
26.373466524510697,1.4398351280479205,3.0689827352935835,18.45334367485395,12.577636201962656,15.28159120619245,16.49871619976613,7.920122849656746,-9.874750324744566,52.31,2.34,8.7,10.55,28.0,1,1,1,1
19.232979128816243,2.302585092994046,2.1972245773362196,9.975947739265388,5.298317366548036,9.911969974855367,9.151306194107997,9.257031389550855,-10.081672934708246,26.0,5.0,15.0,32.0,30.333333333333332,1,1,1,1
23.6879816493636,1.7404661748405046,3.7376696182833684,15.86394957448599,8.85366542803745,12.149405287573135,13.815510557964274,7.824032074877612,-9.872471091399326,31.0,4.2,16.6,10.0,2.0,1,1,1,1
27.072635791436443,0.7747271675523681,3.284288963416433,17.452739074796696,12.321417154840907,14.333739310821707,16.20087307741589,9.619896716639749,-10.871762714020555,37.27,10.07,11.27,12.13,26.39,1,1,1,1
25.25617317331298,2.341805806147327,3.169685580677429,15.060581446694146,6.8527075771979,1.5933085305042167,15.243655104834607,10.195591726618835,-10.012518068478373,13.1,2.4,19.4,10.4,14.0,1,1,1,1
26.168904237147217,0.6151856390902335,3.320710130749469,16.157418474282796,12.044012434334482,13.460588362777894,15.3651984659926,10.011485762864423,-10.803705771154618,36.49,6.73,13.64,10.72,16.23,1,1,1,1
23.9966534317803,1.8175355055430389,2.1777774424006977,15.70848983192686,10.439980923050696,12.247558483657496,14.41352329391756,8.28816359985344,-9.583130137862739,43.69,4.673333333333333,25.416666666666668,10.286666666666667,37.696666666666665,1,1,1,1
23.18858327963681,0.9932517730102834,2.4423470353692043,15.213461960993927,7.266464153081855,11.044855964091758,14.142653699296968,7.975121318642883,-9.045929580339841,59.1,2.4,10.1,14.2,0.5,1,1,1,1
21.57307192794186,1.0986122886681098,3.367295829986474,12.51915927220368,7.665440980679653,9.114118049629639,11.898187865760873,9.05391265573818,-9.674884062180988,47.0,3.0,16.0,2.0,39.0,1,1,0,1
25.862954506710217,2.1972245773362196,1.6094379124341003,14.561993745153798,10.275051108968611,11.56171562913966,13.816500084221643,11.30096076155642,-12.046454422488575,57.0,4.0,11.0,14.0,3.0,1,1,1,1
26.022668677562578,0.9162907318741551,2.3683728335320486,16.801974058851542,11.792585446319096,13.28838616122878,15.403724833946749,9.220694618711038,-10.61894384361583,56.26,4.89,11.34,12.33,5.67,1,1,1,1
28.13447999345766,0.6043159668533296,2.946016681308058,18.779764516332943,14.146252119876502,18.51599092375669,17.909855120186375,9.354715477124717,-10.224624873271287,28.41,16.82,19.7,14.21,4.5,1,1,1,1
22.89858724255858,1.0612565021243408,2.567765900099313,16.29351913734262,8.68270762989381,12.261854185988934,15.293693114208128,6.605068105215958,-7.60489412835045,49.74666666666667,3.9033333333333338,16.436666666666667,12.276666666666666,25.529999999999998,1,1,1,1
27.26005713971192,1.6094379124341003,0.9162907318741551,17.267310555550512,13.138236726560619,13.454540689742661,16.59592486677208,9.992746584161404,-10.664132272939836,45.5,4.0,27.0,11.0,15.0,1,1,1,1
25.055964087012885,0.5306282510621704,2.9391619220655967,17.47000048791504,10.839580911706463,12.437677631061975,14.856243349344831,7.585963599097841,-10.199720737668052,51.4,3.5,11.8,12.7,25.529999999999998,1,1,1,1
23.546628070939665,0.6931471805599453,4.219507705176107,16.55063193899539,9.615805480084347,12.261854185988934,14.713254048215804,6.995996131944275,-8.83337402272386,12.0,2.0,5.0,9.0,25.529999999999998,0,0,1,0
26.4242780680444,2.9507349076232554,3.475067230228611,15.539576846455615,11.512925464970229,13.010023003556626,15.857289172511894,10.884701221588784,-10.566988895532507,10.51,0.93,14.86,10.58,61.0,1,1,1,1
20.618859364854778,2.5764217586237734,1.308332819650179,13.241945682293462,5.991464547107982,9.915482656102414,12.100556364269293,7.376913682561318,-8.518303000585485,42.8,6.65,6.45,22.35,35.199999999999996,0,1,1,0
21.933832223832937,2.19239813395929,2.391206284647574,15.509233551083888,8.131530710604252,9.915482656102414,13.32157825185495,6.424598672749048,-8.612253971977985,35.25666666666667,4.973333333333334,24.950000000000003,12.586666666666666,44.010067437379575,1,1,1,1
23.79542922150932,0.6931471805599453,1.9459101490553132,15.634338027695776,10.312280450736967,9.708992194810465,14.315677284983565,8.161091193813542,-9.479751936525753,65.0,4.0,12.0,10.0,25.36333333333333,1,1,1,1
21.28079513083939,-0.10536051565782628,4.182965753875629,10.410395512268014,6.141635891299526,9.911969974855367,9.751191485184808,10.870399618571378,-11.529603645654584,5.35,5.61,13.21,5.6,45.05,1,1,1,1
23.733556758792336,0.9162907318741551,3.918005077105694,16.477027765569602,9.59333262423229,10.656451185294143,14.659703246577505,7.2565289932227355,-9.07385351221483,32.03333333333333,1.8666666666666665,4.166666666666667,6.533333333333334,9.83,1,1,1,1
24.444322333828183,0.3220834991691132,2.8166056076565553,15.77495484879656,9.574149804815514,16.416348604256545,14.425276129585168,8.669367485031623,-10.019046204243013,37.62,5.44,13.57,12.73,0.76,1,1,1,1
24.047726362148087,0.9932517730102833,2.1122313645028274,16.229412492435433,10.687328211710495,12.948326606797911,14.801581424685576,7.818313869712654,-9.24614493746251,66.06666666666666,2.733333333333333,8.799999999999999,11.1,8.533333333333333,1,1,1,1
19.363894015127926,2.19239813395929,2.391206284647574,12.161420408320188,5.298317366548036,9.915482656102414,10.149820147623036,7.202473606807739,-9.21407386750489,35.25666666666667,4.973333333333334,24.95,12.586666666666666,21.0,1,1,1,1
22.233409215892024,1.0986122886681098,3.1780538303479458,13.1732522900406,8.517193191416238,9.915482656102414,11.272378844279126,9.060156925851427,-10.9610303716129,57.0,3.0,13.966666666666667,11.0,35.199999999999996,0,0,0,0
25.374165341816852,0.6931471805599453,0.0,15.506307419138757,10.338867386592495,12.836514290673994,14.394368592122092,9.867857922678095,-10.979796749694762,42.0,19.0,25.0,11.0,7.62,1,1,1,1
24.645471799669433,1.9315214116032136,2.802956258856178,14.539929151081072,10.179565051629774,11.952656724946012,13.738629513628316,10.105542648588363,-10.906842286041119,26.39,5.666666666666667,20.5,6.466666666666666,46.44,1,1,1,1
27.05189274899624,2.2192034840549946,2.5416019934645457,16.097809878966537,13.489324635351528,14.758697910841281,15.291874116173032,10.954082870029705,-11.760018632823208,23.34,9.15,36.4,6.58,32.37,1,1,1,1
22.380825598029386,2.1400661634962708,2.760009940032921,14.11048944380366,8.648221453822641,9.915482656102414,12.293164923413904,8.270336154225724,-10.08766067461548,42.73333333333333,4.5,19.066666666666666,7.966666666666666,44.010067437379575,1,1,1,1
20.39044798107533,1.9459101490553132,2.4849066497880004,10.53701741627757,5.444493476705638,9.911969974855367,10.366550484102532,9.85343056479776,-10.023897496972799,46.0,7.0,15.0,13.0,38.35,1,1,1,1
20.975929108396304,1.5260563034950492,3.250374491927572,11.388529361099849,7.003065458786462,6.522617170466887,10.778956289890028,9.587399747296454,-10.196972818506275,48.5,5.2,5.9,9.9,24.333333333333332,1,1,1,1
25.277889017794813,1.3862943611198906,3.091042453358316,16.851659607948758,11.07322081704034,11.127262984158243,15.319587954740548,8.426229409846053,-9.958301063054263,57.0,3.0,7.0,7.0,2.5,1,1,1,1
20.390447981075333,2.028148247292285,0.8754687373538999,10.460242108190519,5.444493476705638,9.911969974855367,10.006505526584554,9.930205872884812,-10.383942454490777,21.8,20.5,31.5,16.3,38.35,1,1,1,1
23.260338590849905,0.6931471805599453,2.8903717578961645,16.29097291717246,9.082507000466299,12.261854185988934,14.12214970180116,6.969365673677443,-9.138188889048745,70.0,1.0,3.0,6.0,25.529999999999998,1,1,1,1
22.1736789586939,1.3862943611198906,3.7376696182833684,15.793599513717151,8.764053269347762,7.549609165154532,13.918996723124183,6.380079444976746,-8.254682235569716,38.0,2.0,4.0,10.0,2.0,1,1,1,1
26.732115067954364,0.6151856390902335,1.556037135706985,18.0446423905329,12.859004418392207,15.052434462429895,17.10590173419034,8.687472677421464,-9.626213333764024,65.52,3.04,7.6,17.59,19.1,1,1,1,1
22.85847324963126,1.5824092400461809,2.6222502112988773,15.91693482429038,7.417179921832499,12.147830827372594,14.39627260792943,6.941538425340881,-8.462200641701832,53.166666666666664,4.366666666666666,13.066666666666668,9.366666666666667,25.640067437379574,0,1,1,0
24.401169759809658,2.437115985951652,4.135806352029696,15.495644929954791,9.998797732340453,6.907755278982137,13.122363377404328,8.905524829854867,-11.278806382405328,16.18,4.64,30.983333333333334,2.19,35.199999999999996,0,1,1,0
22.049033577594237,2.302585092994046,2.2300144001592104,14.053480453823774,8.1886891244442,9.915482656102414,11.064683327506005,7.9955531237704625,-10.98435025008823,43.6,5.5,10.9,16.5,35.199999999999996,1,1,1,1
19.822449027351382,2.1972245773362196,2.186051276738094,11.561248853550216,5.703782474656201,9.915482656102414,9.7548832319328,8.261200173801164,-10.06756579541858,51.3,5.9,7.4,13.4,29.2,1,1,1,1
23.792245886107615,1.3190856114264407,2.844327819394758,14.099259907388342,4.263665306838804,11.727343862595124,13.497883235276207,9.692985978719271,-10.294362650831406,27.15,10.15,22.6,19.17,35.199999999999996,1,1,1,1
24.608576411527956,1.3862943611198906,1.6094379124341003,16.22640353884417,11.407564949312402,11.918390573078392,14.808762330974558,8.382172872683787,-9.7998140805534,68.0,2.0,10.0,11.0,4.0,1,1,1,1
27.74658983940031,0.0,3.1780538303479458,18.17569375229895,13.34230179776959,15.048777857761136,17.258585376970903,9.570896087101362,-10.48800446242941,64.0,2.0,6.0,3.0,25.529999999999998,1,1,1,1
17.48459939524024,2.302585092994046,2.2300144001592104,9.314430080500564,2.302585092994046,9.911969974855367,8.291417804859918,8.17016931473968,-9.193181590380323,43.6,5.5,10.9,16.5,15.0,1,1,1,1
25.486745562068844,1.1216775615991057,2.6468837658647226,16.969698517210237,9.549380736703105,12.311957923476182,15.808304292918438,8.517047044858606,-9.678441269150406,23.34,4.11,30.01,20.23,2.856666666666667,1,1,1,1
24.568620258974615,1.0612565021243408,2.567765900099313,17.709023239512362,10.545341438708522,12.437677631061975,16.043048237667925,6.859597019462251,-8.52557202130669,49.74666666666667,3.9033333333333338,16.436666666666667,12.276666666666666,25.529999999999998,1,1,1,1
24.036835479766687,-0.5108256237659907,2.3608540011180215,17.373530703398323,10.126631103850338,12.437677631061975,15.767835777243056,6.6633047763683635,-8.26899970252363,74.5,0.8,6.0,7.6,6.0,1,1,1,1
25.543549028542593,1.3862943611198906,3.091042453358316,17.622276264629768,12.531772785169476,19.920303790379258,16.539566973411553,7.921272763912825,-9.003982055131042,37.0,5.0,25.0,7.0,3.2,1,1,1,1
24.601999509200745,1.6094379124341003,2.0149030205422647,15.048523194938872,10.51867319162636,9.915482656102414,14.04673299394932,9.553476314261873,-10.555266515251425,53.5,3.0,20.0,11.0,8.0,0,1,1,0
30.459536851821873,2.1972245773362196,1.1631508098056809,19.579332247041002,14.707508597269385,17.175885945106174,19.36847014288589,10.880204604780872,-11.09106670893598,14.9,4.4,26.6,12.9,34.6,1,1,1,1
24.857937681764216,0.6931471805599453,2.8622008809294686,17.20916288045339,11.318648728957001,12.437677631061975,15.201804919084164,7.648774801310828,-9.656132762680052,40.0,3.0,17.5,2.5,16.996666666666666,0,1,1,0
20.407547652753113,1.33500106673234,2.3513752571634776,11.60326878486783,6.802394763324311,9.915482656102414,10.359688525947115,8.804278867885284,-10.047859126806,49.6,5.6,22.1,8.4,29.2,1,1,1,1
26.105448649970178,0.9981778913463393,2.504164466392415,17.213137573447888,12.357505349290383,11.721215243183789,16.09575731174031,8.892311076522288,-10.009691338229866,52.14333333333334,2.6833333333333336,10.146666666666667,11.173333333333332,9.833333333333334,1,0,1,1
20.365442976509794,2.151762203259462,1.5686159179138452,9.935228438320191,5.444493476705638,9.911969974855367,9.956989930101702,10.430214538189603,-10.40845304640809,6.5,18.1,33.5,6.3,41.55,1,1,1,1
21.70312203676971,1.9459101490553132,2.4849066497880004,11.569154558236658,6.838762407495186,7.4275406441196,11.894780707439258,10.133967478533052,-9.80834132933045,46.0,7.0,15.0,13.0,13.616666666666667,1,1,1,1
25.823771421473776,-0.5447271754416722,2.719978771967484,18.280642513413145,11.856515169360305,14.912506040305155,16.074175110900182,7.543128908060628,-9.749596310573592,61.9,2.18,5.2,12.15,23.0,0,1,1,0
20.471018238700285,1.33500106673234,1.7404661748405046,12.507665019573297,5.703782474656201,9.915482656102414,11.159466615280348,7.963353219126989,-9.311551623419938,73.4,5.4,4.05,6.45,37.0,1,1,1,1
20.4195109487588,2.174751721484161,2.9652730660692823,12.14241373741961,6.214608098422191,9.915482656102414,10.218265080145809,8.27709721133919,-10.20124586861299,42.6,2.2,7.2,13.0,36.0,1,1,1,1
22.687474933136844,1.791759469228055,2.995732273553991,14.404296723199476,3.1354942159291497,6.20455776256869,12.672946381766982,8.283178209937367,-10.014528551369862,42.0,6.0,8.0,11.0,35.199999999999996,1,1,1,1
23.202073122493786,1.791759469228055,1.791759469228055,17.13275417428349,10.645424897265505,9.95227771670556,15.391768037964049,6.069318948210292,-7.810305084529737,65.0,1.0,7.0,10.0,8.0,0,1,1,0
26.76639418363693,2.8279324184139925,3.807121174912034,17.761535786960515,12.679196402112153,14.092457211461857,16.730966829967162,9.004858396676413,-10.03542735366977,16.381654627302726,5.200216370472019,9.396918237794267,7.090104301663434,28.0,1,1,1,1
24.020478359603853,1.0612565021243408,2.567765900099313,16.473302437681486,9.615805480084347,11.289781913656018,14.774196957485355,7.547175921922369,-9.2462814021185,49.74666666666667,3.9033333333333338,16.436666666666667,12.276666666666666,25.529999999999998,1,1,1,1
23.419175049006764,1.791759469228055,1.0986122886681098,16.341281201390554,9.472704636443673,10.527981089779026,14.186903065285934,7.07789384761621,-9.23227198372083,36.0,5.0,27.0,23.0,16.0,1,1,1,1
